Name,Description,Letter,Tier,Effect1,Level1,Effect2,Level2,Effect3,Level3,Effect4,Level4,Effect5,Level5,RestrictedMovement,RestrictedWeapons,ExclusiveUser1,ExclusiveUser2,ExclusiveUser3
HP +3,Grants +3 to max HP.,A,1,HPBoost,3,,,,,,,,,Any,Any,,,
HP +4,Grants +4 to max HP.,A,2,HPBoost,4,,,,,,,,,Any,Any,,,
HP +5,Grants +5 to max HP.,A,3,HPBoost,5,,,,,,,,,Any,Any,,,
Attack +1,Grants Atk+1.,A,1,atkBoost,1,,,,,,,,,Any,Any,,,
Attack +2,Grants Atk+2.,A,2,atkBoost,2,,,,,,,,,Any,Any,,,
Attack +3,Grants Atk+3.,A,3,atkBoost,3,,,,,,,,,Any,Any,,,
Speed +1,Grants Spd+1.,A,1,spdBoost,1,,,,,,,,,Any,Any,,,
Speed +2,Grants Spd+2.,A,2,spdBoost,2,,,,,,,,,Any,Any,,,
Speed +3,Grants Spd+3.,A,3,spdBoost,3,,,,,,,,,Any,Any,,,
Defense +1,Grants Def+1.,A,1,defBoost,1,,,,,,,,,Any,Any,,,
Defense +2,Grants Def+2.,A,2,defBoost,2,,,,,,,,,Any,Any,,,
Defense +3,Grants Def+3.,A,3,defBoost,3,,,,,,,,,Any,Any,,,
Resistance +1,Grants Res+1.,A,1,resBoost,1,,,,,,,,,Any,Any,,,
Resistance +2,Grants Res+2.,A,2,resBoost,2,,,,,,,,,Any,Any,,,
Resistance +3,Grants Res+3.,A,3,resBoost,3,,,,,,,,,Any,Any,,,
HP/Spd 1,"Grants HP+3, Spd+1.",A,2,HPBoost,3,spdBoost,1,,,,,,,Any,Any,,,
HP/Spd 2,"Grants HP+4, Spd+2.",A,3,HPBoost,4,spdBoost,2,,,,,,,Any,Any,,,
HP/Def 1,"Grants HP+3, Def+1.",A,2,HPBoost,3,defBoost,1,,,,,,,Any,Any,,,
HP/Def 2,"Grants HP+4, Def+2.",A,3,HPBoost,4,defBoost,2,,,,,,,Any,Any,,,
HP/Res 1,"Grants HP+3, Res+1.",A,2,HPBoost,3,resBoost,1,,,,,,,Any,Any,,,
HP/Res 2,"Grants HP+4, Res+2.",A,3,HPBoost,4,resBoost,2,,,,,,,Any,Any,,,
Atk/Spd 1,Grants Atk/Spd+1.,A,2,atkBoost,1,spdBoost,1,,,,,,,Any,Any,,,
Atk/Spd 2,Grants Atk/Spd+2.,A,3,atkBoost,2,spdBoost,2,,,,,,,Any,Any,,,
Attack/Def +1,Grants Atk/Def+1.,A,2,atkBoost,1,defBoost,1,,,,,,,Any,Any,,,
Attack/Def +2,Grants Atk/Def+2.,A,3,atkBoost,2,defBoost,2,,,,,,,Any,Any,,,
Attack/Res 1,Grants Atk/Res+1.,A,2,atkBoost,1,resBoost,1,,,,,,,Any,Any,,,
Attack/Res 2,Grants Atk/Res+2.,A,3,atkBoost,2,resBoost,2,,,,,,,Any,Any,,,
Spd/Def 1,Grants Spd/Def+1,A,2,spdBoost,1,defBoost,1,,,,,,,Any,Any,,,
Spd/Def 2,Grants Spd/Def+2,A,3,spdBoost,2,defBoost,2,,,,,,,Any,Any,,,
Spd/Res 1,Grants Spd/Res +1,A,2,spdBoost,1,resBoost,1,,,,,,,Any,Any,,,
Spd/Res 2,Grants Spd/Res +2,A,3,spdBoost,2,resBoost,2,,,,,,,Any,Any,,,
Fortress Def 1,Grants Def+3. Inflicts Atk-3.,A,1,defBoost,3,atkBoost,-3,,,,,,,Any,Any,,,
Fortress Def 2,Grants Def+4. Inflicts Atk-3.,A,2,defBoost,4,atkBoost,-3,,,,,,,Any,Any,,,
Fortress Def 3,Grants Def+5. Inflicts Atk-3.,A,3,defBoost,5,atkBoost,-3,,,,,,,Any,Any,,,
Fortress Res 1,Grants Res+3. Inflicts Atk-3.,A,1,resBoost,3,atkBoost,-3,,,,,,,Any,Any,,,
Fortress Res 2,Grants Res+4. Inflicts Atk-3.,A,2,resBoost,4,atkBoost,-3,,,,,,,Any,Any,,,
Fortress Res 3,Grants Res+5. Inflicts Atk-3.,A,3,resBoost,5,atkBoost,-3,,,,,,,Any,Any,,,
Fury 1,"Grants Atk/Spd/Def/Res+1. After combat, deals 2 damage to unit.",A,1,spectrumBoost,1,selfDmg,2,,,,,,,Any,Staff,,,
Fury 2,"Grants Atk/Spd/Def/Res+2. After combat, deals 4 damage to unit.",A,2,spectrumBoost,2,selfDmg,4,,,,,,,Any,Staff,,,
Fury 3,"Grants Atk/Spd/Def/Res+3. After combat, deals 6 damage to unit.",A,3,spectrumBoost,3,selfDmg,6,,,,,,,Any,Staff,,,
Life and Death 1,Grants Atk/Spd+3. Inflicts Def/Res-3.,A,1,atkBoost,3,spdBoost,3,defBoost,-3,resBoost,-3,,,Any,Staff,,,
Life and Death 2,Grants Atk/Spd+4. Inflicts Def/Res-4.,A,2,atkBoost,4,spdBoost,4,defBoost,-4,resBoost,-4,,,Any,Staff,,,
Life and Death 3,Grants Atk/Spd+5. Inflicts Def/Res-5.,A,3,atkBoost,5,spdBoost,5,defBoost,-5,resBoost,-5,,,Any,Staff,,,
Death Blow 1,"If unit initiates combat, grants Atk+2 during combat.",A,1,atkBlow,1,,,,,,,,,Any,Staff,,,
Death Blow 2,"If unit initiates combat, grants Atk+4 during combat.",A,2,atkBlow,2,,,,,,,,,Any,Staff,,,
Death Blow 3,"If unit initiates combat, grants Atk+6 during combat.",A,3,atkBlow,3,,,,,,,,,Any,Staff,,,
Darting Blow 1,"If unit initiates combat, grants Spd+2 during combat.",A,1,spdBlow,1,,,,,,,,,Any,Staff,,,
Darting Blow 2,"If unit initiates combat, grants Spd+4 during combat.",A,2,spdBlow,2,,,,,,,,,Any,Staff,,,
Darting Blow 3,"If unit initiates combat, grants Spd+6 during combat.",A,3,spdBlow,3,,,,,,,,,Any,Staff,,,
Armored Blow 1,"If unit initiates combat, grants Def+2 during combat.",A,1,defBlow,1,,,,,,,,,Any,Staff,,,
Armored Blow 2,"If unit initiates combat, grants Def+4 during combat.",A,2,defBlow,2,,,,,,,,,Any,Staff,,,
Armored Blow 3,"If unit initiates combat, grants Def+6 during combat.",A,3,defBlow,3,,,,,,,,,Any,Staff,,,
Warding Blow 1,"If unit initiates combat, grants Res+2 during combat.",A,1,resBlow,1,,,,,,,,,Any,Staff,,,
Warding Blow 2,"If unit initiates combat, grants Res+4 during combat.",A,2,resBlow,2,,,,,,,,,Any,Staff,,,
Warding Blow 3,"If unit initiates combat, grants Res+6 during combat.",A,3,resBlow,3,,,,,,,,,Any,Staff,,,
Swift Sparrow 1,"If unit initiates combat, grants Atk/Spd+2 during combat. ",A,2,atkBlow,1,spdBlow,1,,,,,,,Any,Staff,,,
Swift Sparrow 2,"If unit initiates combat, grants Atk/Spd+4 during combat.",A,3,atkBlow,2,spdBlow,2,,,,,,,Any,Staff,,,
Sturdy Blow 1,"If unit initiates combat, grants Atk/Def+2 during combat. ",A,2,atkBlow,1,defBlow,1,,,,,,,Any,Staff,,,
Sturdy Blow 2,"If unit initiates combat, grants Atk/Def+4 during combat. ",A,3,atkBlow,2,defBlow,2,,,,,,,Any,Staff,,,
Mirror Strike 1,"If unit initiates combat, grants Atk/Res+2 during combat. ",A,2,atkBlow,1,resBlow,1,,,,,,,Any,Staff,,,
Mirror Strike 2,"If unit initiates combat, grants Atk/Res+4 during combat. ",A,3,atkBlow,2,resBlow,2,,,,,,,Any,Staff,,,
Steady Blow 1,"If unit initiates combat, grants Spd/Def+2 during combat.",A,2,spdBlow,1,defBlow,1,,,,,,,Any,Staff,,,
Steady Blow 2,"If unit initiates combat, grants Spd/Def+4 during combat.",A,3,spdBlow,2,defBlow,2,,,,,,,Any,Staff,,,
Swift Strike 1,"If unit initiates combat, grants Spd/Res+2 during combat.",A,2,spdBlow,1,resBlow,1,,,,,,,Any,Staff,,,
Swift Strike 2,"If unit initiates combat, grants Spd/Res+4 during combat.",A,3,spdBlow,2,resBlow,2,,,,,,,Any,Staff,,,
Bracing Blow 1,"If unit initiates combat, grants Def/Res+2 during combat.",A,2,defBlow,1,resBlow,1,,,,,,,Any,Staff,,,
Bracing Blow 2,"If unit initiates combat, grants Def/Res+4 during combat.",A,3,defBlow,2,resBlow,2,,,,,,,Any,Staff,,,
Fierce Stance 1,"If foe initiates combat, grants Atk+2 during combat.",A,1,atkStance,1,,,,,,,,,Any,Staff,,,
Fierce Stance 2,"If foe initiates combat, grants Atk+4 during combat.",A,2,atkStance,2,,,,,,,,,Any,Staff,,,
Fierce Stance 3,"If foe initiates combat, grants Atk+6 during combat.",A,3,atkStance,3,,,,,,,,,Any,Staff,,,
Steady Stance 1,"If foe initiates combat, grants Def+2 during combat.",A,1,defStance,1,,,,,,,,,Any,Any,,,
Steady Stance 2,"If foe initiates combat, grants Def+4 during combat.",A,2,defStance,2,,,,,,,,,Any,Any,,,
Steady Stance 3,"If foe initiates combat, grants Def+6 during combat.",A,3,defStance,3,,,,,,,,,Any,Any,,,
Warding Stance 1,"If foe initiates combat, grants Res+2 during combat.",A,1,resStance,1,,,,,,,,,Any,Any,,,
Warding Stance 2,"If foe initiates combat, grants Res+4 during combat.",A,2,resStance,2,,,,,,,,,Any,Any,,,
Warding Stance 3,"If foe initiates combat, grants Res+6 during combat.",A,3,resStance,3,,,,,,,,,Any,Any,,,
Steady Breath,"If foe initiates combat, grants Def+4 during combat and Special cooldown charge +1 per attack. (Only highest value applied. Does not stack.)",A,3,defStance,2,breathCharge,3,,,,,,,Cav-Fly,Ranged,,,
Distant Def 1,"If foe initiates combat and uses bow, dagger, magic, or staff, grants Def/Res+2 during combat.",A,1,distDef,1,,,,,,,,,Any,Any,,,
Distant Def 2,"If foe initiates combat and uses bow, dagger, magic, or staff, grants Def/Res+4 during combat.",A,2,distDef,2,,,,,,,,,Any,Any,,,
Distant Def 3,"If foe initiates combat and uses bow, dagger, magic, or staff, grants Def/Res+6 during combat.",A,3,distDef,3,,,,,,,,,Any,Any,,,
Close Def 1,"If foe initiates combat and uses sword, lance, axe, dragonstone, or beast damage, grants Def/Res+2 during combat.",A,1,closeDef,1,,,,,,,,,Any,Any,,,
Close Def 2,"If foe initiates combat and uses sword, lance, axe, dragonstone, or beast damage, grants Def/Res+4 during combat.",A,2,closeDef,2,,,,,,,,,Any,Any,,,
Close Def 3,"If foe initiates combat and uses sword, lance, axe, dragonstone, or beast damage, grants Def/Res+6 during combat.",A,3,closeDef,3,,,,,,,,,Any,Any,,,
Fire Boost 1,"At start of combat, if unit's HP ≥ foe's HP+3, grants Atk+2 during combat.",A,1,fireBoost,1,,,,,,,,,Any,Any,,,
Fire Boost 2,"At start of combat, if unit's HP ≥ foe's HP+3, grants Atk+4 during combat.",A,2,fireBoost,2,,,,,,,,,Any,Any,,,
Fire Boost 3,"At start of combat, if unit's HP ≥ foe's HP+3, grants Atk+6 during combat.",A,3,fireBoost,3,,,,,,,,,Any,Any,,,
Wind Boost 1,"At start of combat, if unit's HP ≥ foe's HP+3, grants Spd+2 during combat.",A,1,windBoost,1,,,,,,,,,Any,Any,,,
Wind Boost 2,"At start of combat, if unit's HP ≥ foe's HP+3, grants Spd+4 during combat.",A,2,windBoost,2,,,,,,,,,Any,Any,,,
Wind Boost 3,"At start of combat, if unit's HP ≥ foe's HP+3, grants Spd+6 during combat.",A,3,windBoost,3,,,,,,,,,Any,Any,,,
Earth Boost 1,"At start of combat, if unit's HP ≥ foe's HP+3, grants Def+2 during combat.",A,1,earthBoost,1,,,,,,,,,Any,Any,,,
Earth Boost 2,"At start of combat, if unit's HP ≥ foe's HP+3, grants Def+4 during combat.",A,2,earthBoost,2,,,,,,,,,Any,Any,,,
Earth Boost 3,"At start of combat, if unit's HP ≥ foe's HP+3, grants Def+6 during combat.",A,3,earthBoost,3,,,,,,,,,Any,Any,,,
Water Boost 1,"At start of combat, if unit's HP ≥ foe's HP+3, grants Res+2 during combat.",A,1,waterBoost,1,,,,,,,,,Any,Any,,,
Water Boost 2,"At start of combat, if unit's HP ≥ foe's HP+3, grants Res+4 during combat.",A,2,waterBoost,2,,,,,,,,,Any,Any,,,
Water Boost 3,"At start of combat, if unit's HP ≥ foe's HP+3, grants Res+6 during combat.",A,3,waterBoost,3,,,,,,,,,Any,Any,,,
Atk/Res Bond 1,Grants Atk/Res+3 to this unit during combat if unit is adjacent to an ally.,A,1,atkBond,3,resBond,3,,,,,,,Any,Any,,,
Atk/Res Bond 2,Grants Atk/Res+4 to this unit during combat if unit is adjacent to an ally.,A,2,atkBond,4,resBond,4,,,,,,,Any,Any,,,
Atk/Res Bond 3,Grants Atk/Res+5 to this unit during combat if unit is adjacent to an ally.,A,3,atkBond,5,resBond,5,,,,,,,Any,Any,,,
Defiant Atk 1,Grants Atk+3 at start of turn if unit’s HP ≤ 50%,A,1,defiantAtk,1,,,,,,,,,Any,Any,,,
Defiant Atk 2,Grants Atk+5 at start of turn if unit’s HP ≤ 50%,A,2,defiantAtk,2,,,,,,,,,Any,Any,,,
Defiant Atk 3,Grants Atk+7 at start of turn if unit’s HP ≤ 50%,A,3,defiantAtk,3,,,,,,,,,Any,Any,,,
Defiant Spd 1,Grants Spd+3 at start of turn if unit’s HP ≤ 50%,A,1,defiantSpd,1,,,,,,,,,Any,Any,,,
Defiant Spd 2,Grants Spd+5 at start of turn if unit’s HP ≤ 50%,A,2,defiantSpd,2,,,,,,,,,Any,Any,,,
Defiant Spd 3,Grants Spd+7 at start of turn if unit’s HP ≤ 50%,A,3,defiantSpd,3,,,,,,,,,Any,Any,,,
Defiant Def 1,Grants Def+3 at start of turn if unit’s HP ≤ 50%,A,1,defiantDef,1,,,,,,,,,Any,Any,,,
Defiant Def 2,Grants Def+5 at start of turn if unit’s HP ≤ 50%,A,2,defiantDef,2,,,,,,,,,Any,Any,,,
Defiant Def 3,Grants Def+7 at start of turn if unit’s HP ≤ 50%,A,3,defiantDef,3,,,,,,,,,Any,Any,,,
Defiant Res 1,Grants Res+3 at start of turn if unit’s HP ≤ 50%,A,1,defiantRes,1,,,,,,,,,Any,Any,,,
Defiant Res 2,Grants Res+5 at start of turn if unit’s HP ≤ 50%,A,2,defiantRes,2,,,,,,,,,Any,Any,,,
Defiant Res 3,Grants Res+7 at start of turn if unit’s HP ≤ 50%,A,3,defiantRes,3,,,,,,,,,Any,Any,,,
Svalinn Shield,"Neutralizes ""effective against armored"" bonuses.",A,1,nullEffArm,0,,,,,,,,,Inf-Cav-Fly,Any,,,
Grani's Shield,"Neutralizes ""effective against cavalry"" bonuses.",A,1,nullEffCav,0,,,,,,,,,Inf-Armor-Fly,Any,,,
Iote's Shield,"Neutralizes ""effective against fliers"" bonuses.",A,1,nullEffFly,0,,,,,,,,,Inf-Armor-Cav,Any,,,
Triangle Adept 1,"If unit has weapon-triangle advantage, boosts Atk by 10%. If unit has weapon-triangle disadvantage, reduces Atk by 10%.",A,1,triAdept,1,,,,,,,,,Any,Colorless,,,
Triangle Adept 2,"If unit has weapon-triangle advantage, boosts Atk by 15%. If unit has weapon-triangle disadvantage, reduces Atk by 15%.",A,2,triAdept,2,,,,,,,,,Any,Colorless,,,
Triangle Adept 3,"If unit has weapon-triangle advantage, boosts Atk by 20%. If unit has weapon-triangle disadvantage, reduces Atk by 20%.",A,3,triAdept,3,,,,,,,,,Any,Colorless,,,
Heavy Blade 1,"If unit's Atk ≥ foe's Atk+5, grants Special cooldown charge +1 per unit's attack. (Only highest value applied. Does not stack.)",A,1,heavyBlade,1,,,,,,,,,Any,Staff,,,
Heavy Blade 2,"If unit's Atk ≥ foe's Atk+3, grants Special cooldown charge +1 per unit's attack. (Only highest value applied. Does not stack.)",A,2,heavyBlade,2,,,,,,,,,Any,Staff,,,
Heavy Blade 3,"If unit's Atk > foe's Atk, grants Special cooldown charge +1 per unit's attack. (Only highest value applied. Does not stack.)",A,3,heavyBlade,3,,,,,,,,,Any,Staff,,,
Flashing Blade 1,"If unit's Spd ≥ foe's Spd+5, grants Special cooldown charge +1 per unit's attack. (Only highest value applied. Does not stack.)",A,1,flashingBlade,1,,,,,,,,,Cav-Fly,Staff,,,
Flashing Blade 2,"If unit's Spd ≥ foe's Spd+3, grants Special cooldown charge +1 per unit's attack. (Only highest value applied. Does not stack.) ",A,2,flashingBlade,2,,,,,,,,,Cav-Fly,Staff,,,
Flashing Blade 3,"If unit's Spd > foe's Spd, grants Special cooldown charge +1 per unit's attack. (Only highest value applied. Does not stack.) ",A,3,flashingBlade,3,,,,,,,,,Cav-Fly,Staff,,,
Close Counter,Enables unit to counterattack regardless of distance to attacker. ,A,1,cCounter,0,,,,,,,,,Any,Melee,,,
Distant Counter,Enables unit to counterattack regardless of distance to attacker.,A,1,dCounter,0,,,,,,,,,Any,Ranged,,,
Brash Assault 1,"If unit initiates combat against a foe that can counter and unit's HP ≤ 30%, unit makes a guaranteed follow-up attack.",B,1,brashAssault,1,,,,,,,,,Any,Any,,,
Brash Assault 2,"If unit initiates combat against a foe that can counter and unit's HP ≤ 40%, unit makes a guaranteed follow-up attack.",B,2,brashAssault,2,,,,,,,,,Any,Any,,,
Brash Assault 3,"If unit initiates combat against a foe that can counter and unit's HP ≤ 50%, unit makes a guaranteed follow-up attack.",B,3,brashAssault,3,,,,,,,,,Any,Any,,,
Vantage 1,"If unit's HP ≤ 25% and foe initiates combat, unit can counterattack before foe's first attack.",B,1,vantage,1,,,,,,,,,Any,Any,,,
Vantage 2,"If unit's HP ≤ 50% and foe initiates combat, unit can counterattack before foe's first attack.",B,2,vantage,2,,,,,,,,,Any,Any,,,
Vantage 3,"If unit's HP ≤ 75% and foe initiates combat, unit can counterattack before foe's first attack.",B,3,vantage,3,,,,,,,,,Any,Any,,,
Quick Riposte 1,"If unit's HP ≥ 90% and foe initiates combat, unit makes a guaranteed follow-up attack.",B,1,QRS,1,,,,,,,,,Any,Any,,,
Quick Riposte 2,"If unit's HP ≥ 80% and foe initiates combat, unit makes a guaranteed follow-up attack.",B,2,QRS,2,,,,,,,,,Any,Any,,,
Quick Riposte 3,"If unit's HP ≥ 70% and foe initiates combat, unit makes a guaranteed follow-up attack.",B,3,QRS,3,,,,,,,,,Any,Any,,,
Desperation 1,"If unit’s HP ≤ 25% and unit initiates combat, unit can make a follow-up attack before foe can counterattack.",B,1,desperationSk,1,,,,,,,,,Any,Any,,,
Desperation 2,"If unit’s HP ≤ 50% and unit initiates combat, unit can make a follow-up attack before foe can counterattack.",B,2,desperationSk,2,,,,,,,,,Any,Any,,,
Desperation 3,"If unit’s HP ≤ 75% and unit initiates combat, unit can make a follow-up attack before foe can counterattack.",B,3,desperationSk,3,,,,,,,,,Any,Any,,,
Windsweep 1,"If unit initiates combat, unit cannot make a follow-up attack. If unit’s Spd ≥ foe’s Spd+5 and foe uses sword, lance, axe, bow, dagger, or beast damage, foe cannot counterattack.",B,1,windsweep,1,,,,,,,,,Any,Staff,,,
Windsweep 2,"If unit initiates combat, unit cannot make a follow-up attack. If unit’s Spd ≥ foe’s Spd+3 and foe uses sword, lance, axe, bow, dagger, or beast damage, foe cannot counterattack.",B,2,windsweep,2,,,,,,,,,Any,Staff,,,
Windsweep 3,"If unit initiates combat, unit cannot make a follow-up attack. If unit’s Spd > foe’s Spd and foe uses sword, lance, axe, bow, dagger, or beast damage, foe cannot counterattack.",B,3,windsweep,3,,,,,,,,,Any,Staff,,,
Watersweep 1,"If unit initiates combat, unit cannot make a follow-up attack. If unit's Spd ≥ foe's Spd+5 and foe uses magic, staff, or dragonstone, foe cannot counterattack.",B,1,watersweep,1,,,,,,,,,Any,Staff,,,
Watersweep 2,"If unit initiates combat, unit cannot make a follow-up attack. If unit's Spd ≥ foe's Spd+3 and foe uses magic, staff, or dragonstone, foe cannot counterattack.",B,2,watersweep,2,,,,,,,,,Any,Staff,,,
Watersweep 3,"If unit initiates combat, unit cannot make a follow-up attack. If unit's Spd > foe's Spd and foe uses magic, staff, or dragonstone, foe cannot counterattack.",B,3,watersweep,3,,,,,,,,,Any,Staff,,,
Wary Fighter 1,"If unit's HP ≥ 90%, unit and foe cannot make a follow-up attack.",B,1,wary_fighter,1,,,,,,,,,Inf-Cav-Fly,Any,,,
Wary Fighter 2,"If unit's HP ≥ 70%, unit and foe cannot make a follow-up attack.",B,2,wary_fighter,2,,,,,,,,,Inf-Cav-Fly,Any,,,
Wary Fighter 3,"If unit's HP ≥ 50%, unit and foe cannot make a follow-up attack.",B,3,wary_fighter,3,,,,,,,,,Inf-Cav-Fly,Any,,,
Seal Atk 1,Inflicts Atk-3 on foe through its next action after combat.,B,1,sealAtk,3,,,,,,,,,Any,Staff,,,
Seal Atk 2,Inflicts Atk-5 on foe through its next action after combat.,B,2,sealAtk,5,,,,,,,,,Any,Staff,,,
Seal Atk 3,Inflicts Atk-7 on foe through its next action after combat.,B,3,sealAtk,7,,,,,,,,,Any,Staff,,,
Seal Spd 1,Inflicts Spd-3 on foe through its next action after combat.,B,1,sealSpd,3,,,,,,,,,Any,Staff,,,
Seal Spd 2,Inflicts Spd-5 on foe through its next action after combat.,B,2,sealSpd,5,,,,,,,,,Any,Staff,,,
Seal Spd 3,Inflicts Spd-7 on foe through its next action after combat.,B,3,sealSpd,7,,,,,,,,,Any,Staff,,,
Seal Def 1,Inflicts Def-3 on foe through its next action after combat.,B,1,sealDef,3,,,,,,,,,Any,Staff,,,
Seal Def 2,Inflicts Def-5 on foe through its next action after combat.,B,2,sealDef,5,,,,,,,,,Any,Staff,,,
Seal Def 3,Inflicts Def-7 on foe through its next action after combat.,B,3,sealDef,7,,,,,,,,,Any,Staff,,,
Seal Res 1,Inflicts Res-3 on foe through its next action after combat.,B,1,sealRes,3,,,,,,,,,Any,Staff,,,
Seal Res 2,Inflicts Res-5 on foe through its next action after combat.,B,2,sealRes,5,,,,,,,,,Any,Staff,,,
Seal Res 3,Inflicts Res-7 on foe through its next action after combat.,B,3,sealRes,7,,,,,,,,,Any,Staff,,,
Seal Atk/Spd 1,Inflicts Atk/Spd-3 on foe through its next action after combat.,B,2,sealAtk,3,sealSpd,3,,,,,,,Any,Staff,,,
Seal Atk/Spd 2,Inflicts Atk/Spd-5 on foe through its next action after combat.,B,3,sealAtk,5,sealSpd,5,,,,,,,Any,Staff,,,
Seal Atk/Def 1,Inflicts Atk/Def-3 on foe through its next action after combat.,B,2,sealAtk,3,sealDef,3,,,,,,,Any,Staff,,,
Seal Atk/Def 2,Inflicts Atk/Def-5 on foe through its next action after combat.,B,3,sealAtk,5,sealDef,5,,,,,,,Any,Staff,,,
Swordbreaker 1,"If unit's HP ≥ 90% in combat against a sword foe, unit makes a guaranteed follow-up attack and foe cannot make a follow-up attack.",B,1,swordBreak,1,,,,,,,,,Any,Green,,,
Swordbreaker 2,"If unit's HP ≥ 70% in combat against a sword foe, unit makes a guaranteed follow-up attack and foe cannot make a follow-up attack.",B,2,swordBreak,2,,,,,,,,,Any,Green,,,
Swordbreaker 3,"If unit's HP ≥ 50% in combat against a sword foe, unit makes a guaranteed follow-up attack and foe cannot make a follow-up attack.",B,3,swordBreak,3,,,,,,,,,Any,Green,,,
Lancebreaker 1,"If unit's HP ≥ 90% in combat against a lance foe, unit makes a guaranteed follow-up attack and foe cannot make a follow-up attack.",B,1,lanceBreak,1,,,,,,,,,Any,Red,,,
Lancebreaker 2,"If unit's HP ≥ 70% in combat against a lance foe, unit makes a guaranteed follow-up attack and foe cannot make a follow-up attack.",B,2,lanceBreak,2,,,,,,,,,Any,Red,,,
Lancebreaker 3,"If unit's HP ≥ 50% in combat against a lance foe, unit makes a guaranteed follow-up attack and foe cannot make a follow-up attack.",B,3,lanceBreak,3,,,,,,,,,Any,Red,,,
Axebreaker 1,"If unit's HP ≥ 90% in combat against an axe foe, unit makes a guaranteed follow-up attack and foe cannot make a follow-up attack.",B,1,axeBreak,1,,,,,,,,,Any,Blue,,,
Axebreaker 2,"If unit's HP ≥ 70% in combat against an axe foe, unit makes a guaranteed follow-up attack and foe cannot make a follow-up attack.",B,2,axeBreak,2,,,,,,,,,Any,Blue,,,
Axebreaker 3,"If unit's HP ≥ 50% in combat against an axe foe, unit makes a guaranteed follow-up attack and foe cannot make a follow-up attack.",B,3,axeBreak,3,,,,,,,,,Any,Blue,,,
R Tomebreaker 1,"If unit's HP ≥ 90% in combat against a red tome foe, unit makes a guaranteed follow-up attack and foe cannot make a follow-up attack.",B,1,rtomeBreak,1,,,,,,,,,Any,Green,,,
R Tomebreaker 2,"If unit's HP ≥ 70% in combat against a red tome foe, unit makes a guaranteed follow-up attack and foe cannot make a follow-up attack.",B,2,rtomeBreak,2,,,,,,,,,Any,Green,,,
R Tomebreaker 3,"If unit's HP ≥ 50% in combat against a red tome foe, unit makes a guaranteed follow-up attack and foe cannot make a follow-up attack.",B,3,rtomeBreak,3,,,,,,,,,Any,Green,,,
B Tomebreaker 1,"If unit's HP ≥ 90% in combat against a blue tome foe, unit makes a guaranteed follow-up attack and foe cannot make a follow-up attack.",B,1,btomeBreak,1,,,,,,,,,Any,Red,,,
B Tomebreaker 2,"If unit's HP ≥ 70% in combat against a blue tome foe, unit makes a guaranteed follow-up attack and foe cannot make a follow-up attack.",B,2,btomeBreak,2,,,,,,,,,Any,Red,,,
B Tomebreaker 3,"If unit's HP ≥ 50% in combat against a blue tome foe, unit makes a guaranteed follow-up attack and foe cannot make a follow-up attack.",B,3,btomeBreak,3,,,,,,,,,Any,Red,,,
G Tomebreaker 1,"If unit's HP ≥ 90% in combat against a green tome foe, unit makes a guaranteed follow-up attack and foe cannot make a follow-up attack.",B,1,gtomeBreak,1,,,,,,,,,Any,Blue,,,
G Tomebreaker 2,"If unit's HP ≥ 70% in combat against a green tome foe, unit makes a guaranteed follow-up attack and foe cannot make a follow-up attack.",B,2,gtomeBreak,2,,,,,,,,,Any,Blue,,,
G Tomebreaker 3,"If unit's HP ≥ 50% in combat against a green tome foe, unit makes a guaranteed follow-up attack and foe cannot make a follow-up attack.",B,3,gtomeBreak,3,,,,,,,,,Any,Blue,,,
Bowbreaker 1,"If unit's HP ≥ 90% in combat against a colorless bow foe, unit makes a guaranteed follow-up attack and foe cannot make a follow-up attack.",B,1,cBowBreak,1,,,,,,,,,Fly,Any,,,
Bowbreaker 2,"If unit's HP ≥ 70% in combat against a colorless bow foe, unit makes a guaranteed follow-up attack and foe cannot make a follow-up attack.",B,2,cBowBreak,2,,,,,,,,,Fly,Any,,,
Bowbreaker 3,"If unit's HP ≥ 50% in combat against a colorless bow foe, unit makes a guaranteed follow-up attack and foe cannot make a follow-up attack.",B,3,cBowBreak,3,,,,,,,,,Fly,Any,,,
Daggerbreaker 1,"If unit's HP ≥ 90% in combat against a colorless dagger foe, unit makes a guaranteed follow-up attack and foe cannot make a follow-up attack.",B,1,cDaggerBreak,1,,,,,,,,,Any,Any,,,
Daggerbreaker 2,"If unit's HP ≥ 70% in combat against a colorless dagger foe, unit makes a guaranteed follow-up attack and foe cannot make a follow-up attack.",B,2,cDaggerBreak,2,,,,,,,,,Any,Any,,,
Daggerbreaker 3,"If unit's HP ≥ 50% in combat against a colorless dagger foe, unit makes a guaranteed follow-up attack and foe cannot make a follow-up attack.",B,3,cDaggerBreak,3,,,,,,,,,Any,Any,,,
Pass 1,"If unit's HP ≥ 75%, unit can move through foes' spaces.",B,1,passSk,1,,,,,,,,,Any,Any,,,
Pass 2,"If unit's HP ≥ 50%, unit can move through foes' spaces.",B,2,passSk,2,,,,,,,,,Any,Any,,,
Pass 3,"If unit's HP ≥ 25%, unit can move through foes' spaces.",B,3,passSk,3,,,,,,,,,Any,Any,,,
Obstruct 1,"If unit's HP ≥ 90%, foes cannot move through spaces adjacent to unit. (Does not affect foes with Pass skills.)",B,1,obstruct,1,,,,,,,,,Any,Any,,,
Obstruct 2,"If unit's HP ≥ 70%, foes cannot move through spaces adjacent to unit. (Does not affect foes with Pass skills.)",B,2,obstruct,2,,,,,,,,,Any,Any,,,
Obstruct 3,"If unit's HP ≥ 50%, foes cannot move through spaces adjacent to unit. (Does not affect foes with Pass skills.)",B,3,obstruct,3,,,,,,,,,Any,Any,,,
Lunge,"If unit initiates combat, unit and target foe swap spaces after combat.",B,1,lunge,0,,,,,,,,,Any,Ranged,,,
Knock Back,"If unit initiates combat, target foe moves 1 space away after combat.",B,1,knock_back,0,,,,,,,,,Any,Ranged,,,
Drag Back,"If unit initiates combat, unit moves 1 space away after combat. Target foe moves to unit's previous space.",B,1,drag_back,0,,,,,,,,,Any,Ranged,,,
Hit and Run,"If unit initiates combat, unit moves 1 space away after combat.",B,1,hit_and_run,0,,,,,,,,,Any,Ranged,,,
Escape Route 1,"If unit’s HP ≤ 30%, unit can move to a space adjacent to any ally.",B,1,escRoute,1,,,,,,,,,Any,Any,,,
Escape Route 2,"If unit’s HP ≤ 40%, unit can move to a space adjacent to any ally.",B,2,escRoute,2,,,,,,,,,Any,Any,,,
Escape Route 3,"If unit’s HP ≤ 50%, unit can move to a space adjacent to any ally.",B,3,escRoute,3,,,,,,,,,Any,Any,,,
Wings of Mercy 1,"If an ally's HP ≤ 30%, unit can move to a space adjacent to that ally.",B,1,wingsOfMercy,1,,,,,,,,,Any,Any,,,
Wings of Mercy 2,"If an ally's HP ≤ 40%, unit can move to a space adjacent to that ally.",B,2,wingsOfMercy,2,,,,,,,,,Any,Any,,,
Wings of Mercy 3,"If an ally's HP ≤ 50%, unit can move to a space adjacent to that ally.",B,3,wingsOfMercy,3,,,,,,,,,Any,Any,,,
Flier Formation 1,"If unit's HP = 100%, unit can move to a space adjacent to a flying ally within 2 spaces.",B,1,flierFormation,1,,,,,,,,,Inf-Armor-Cav,Any,,,
Flier Formation 2,"If unit's HP ≥ 50%, unit can move to a space adjacent to a flying ally within 2 spaces.",B,2,flierFormation,2,,,,,,,,,Inf-Armor-Cav,Any,,,
Flier Formation 3,Unit can move to a space adjacent to a flying ally within 2 spaces.,B,3,flierFormation,3,,,,,,,,,Inf-Armor-Cav,Any,,,
Renewal 1,"At the start of every fourth turn, restores 10 HP.",B,1,recoverSk,1,,,,,,,,,Any,Any,,,
Renewal 2,"At the start of every third turn, restores 10 HP.",B,2,recoverSk,2,,,,,,,,,Any,Any,,,
Renewal 3,"At start of odd-numbered turns, restores 10 HP.",B,3,recoverSk,3,,,,,,,,,Any,Any,,,
Guard 1,"At start of combat, if unit's HP = 100%, inflicts Special cooldown charge -1 on foe per attack. (Only highest value applied. Does not stack.)",B,1,guardHP,10,,,,,,,,,Any,Any,,,
Guard 2,"At start of combat, if unit's HP ≥ 90%, inflicts Special cooldown charge -1 on foe per attack. (Only highest value applied. Does not stack.)",B,2,guardHP,9,,,,,,,,,Any,Any,,,
Guard 3,"At start of combat, if unit's HP ≥ 80%, inflicts Special cooldown charge -1 on foe per attack. (Only highest value applied. Does not stack.)",B,3,guardHP,8,,,,,,,,,Any,Any,,,
Cancel Affinity 1,Neutralizes all weapon-triangle advantage granted by unit's and foe's skills.,B,1,cancelTA,1,,,,,,,,,Any,Ranged,,,
Cancel Affinity 2,"Neutralizes weapon-triangle advantage granted by unit's skills. If unit has weapon-triangle disadvantage, neutralizes weapon-triangle advantage granted by foe's skills.",B,2,cancelTA,2,,,,,,,,,Any,Ranged,,,
Cancel Affinity 3,"Neutralizes weapon-triangle advantage granted by unit's skills. If unit has weapon-triangle disadvantage, reverses weapon-triangle advantage granted by foe's skills.",B,3,cancelTA,3,,,,,,,,,Any,Ranged,,,
Shield Pulse 1,"At the start of turn 1, if foe's attack can trigger unit's Special, grants Special cooldown count-1.",B,1,turn1PulseD,1,,,,,,,,,Cav-Fly,Ranged,,,
Shield Pulse 2,"At the start of turn 1, if foe's attack can trigger unit's Special, grants Special cooldown count-1. Reduces damage dealt to unit by 5 when Special triggers.",B,2,turn1PulseD,1,trueDefsvSp,5,,,,,,,Cav-Fly,Ranged,,,
Shield Pulse 3,"At the start of turn 1, if foe's attack can trigger unit's Special, grants Special cooldown count-2. Reduces damage dealt to unit by 5 when Special triggers.",B,3,turn1PulseD,2,trueDefsvSp,5,,,,,,,Cav-Fly,Ranged,,,
Poison Strike 1,"If unit initiates combat, deals 4 damage to foe after combat.",B,1,poisonStrike,4,,,,,,,,,Any,Staff,,,
Poison Strike 2,"If unit initiates combat, deals 7 damage to foe after combat.",B,2,poisonStrike,7,,,,,,,,,Any,Staff,,,
Poison Strike 3,"If unit initiates combat, deals 10 damage to foe after combat.",B,3,poisonStrike,10,,,,,,,,,Any,Staff,,,
Live for Honor,"If unit survives, get 1.5x badges from a Training Tower map. (Only highest value applied. Does not stack. This skill has no effect in this application.)",B,1,,,,,,,,,,,Any,Any,,,
Live for Bounty,"If unit survives, get 1.5x shards/crystals from a Training Tower map. (Only highest value applied. Does not stack. This skill has no effect in this application.)",B,1,,,,,,,,,,,Any,Any,,,
Blaze Dance 1,"If Sing or Dance is used, grants Atk+2 to target.",B,1,atkRefresh,2,,,,,,,,,Any,Staff,,,
Blaze Dance 2,"If Sing or Dance is used, grants Atk+3 to target.",B,2,atkRefresh,3,,,,,,,,,Any,Staff,,,
Blaze Dance 3,"If Sing or Dance is used, grants Atk+4 to target.",B,3,atkRefresh,4,,,,,,,,,Any,Staff,,,
Gale Dance 1,"If Sing or Dance is used, grants Spd+2 to target.",B,1,spdRefresh,2,,,,,,,,,Any,Staff,,,
Gale Dance 2,"If Sing or Dance is used, grants Spd+3 to target.",B,2,spdRefresh,3,,,,,,,,,Any,Staff,,,
Gale Dance 3,"If Sing or Dance is used, grants Spd+4 to target.",B,3,spdRefresh,4,,,,,,,,,Any,Staff,,,
Torrent Dance 1,"If Sing or Dance is used, grants Res+3 to target.",B,1,resRefresh,3,,,,,,,,,Any,Staff,,,
Torrent Dance 2,"If Sing or Dance is used, grants Res+4 to target.",B,2,resRefresh,4,,,,,,,,,Any,Staff,,,
Torrent Dance 3,"If Sing or Dance is used, grants Res+5 to target.",B,3,resRefresh,5,,,,,,,,,Any,Staff,,,
Geyser Dance 1,"If Sing or Dance is used, grants Def/Res+3 to target.",B,2,defRefresh,3,resRefresh,3,,,,,,,Any,Staff,,,
Geyser Dance 2,"If Sing or Dance is used, grants Def/Res+4 to target.",B,3,defRefresh,4,resRefresh,4,,,,,,,Any,Staff,,,
Live to Serve 2,"When healing an ally with a staff, restores HP to unit = 75% of HP restored to target.",B,2,live_to_serve,2,,,,,,,,,Any,NotStaff,,,
Live to Serve 3,"When healing an ally with a staff, restores HP to unit = HP restored to target.",B,3,live_to_serve,3,,,,,,,,,Any,NotStaff,,,
Wrathful Staff 1,"At start of combat, if unit's HP = 100%, calculates damage from staff like other weapons.",B,1,wrathful,1,,,,,,,,,Any,NotStaff,,,
Wrathful Staff 2,"At start of combat, if unit's HP = 50%, calculates damage from staff like other weapons.",B,2,wrathful,2,,,,,,,,,Any,NotStaff,,,
Wrathful Staff 3,Calculates damage from staff like other weapons.,B,3,wrathful,3,,,,,,,,,Any,NotStaff,,,
Dazzling Staff 1,"At start of combat, if unit's HP = 100%, foe cannot counterattack.",B,1,dazzling,1,,,,,,,,,Any,NotStaff,,,
Dazzling Staff 2,"At start of combat, if unit's HP ≥ 50%, foe cannot counterattack.",B,2,dazzling,2,,,,,,,,,Any,NotStaff,,,
Dazzling Staff 3,Foe cannot counterattack.,B,3,dazzling,3,,,,,,,,,Any,NotStaff,,,
Sacae's Blessing,"If foe uses sword, lance, or axe, foe cannot counterattack.",B,1,sacaeSweep,0,,,,,,,,,Any,Any,B!Lyn,,
Beorc's Blessing,"Neutralizes cavalry and flying foes' bonuses (from skills like Fortify, Rally, etc.) during combat.",B,1,nullCavBonuses,0,nullFlyBonuses,0,,,,,,,Any,Any,B!Ike,,
Crusader's Ward,"If unit receives consecutive attacks and foe's Range = 2, reduces damage from foe's second attack onward by 80%.",B,1,deflectRanged,0,,,,,,,,,Any,Any,Sigurd,L!Sigurd,
Recover Ring,"At start of turn, restores 10 HP.",B,1,recoverSk,4,,,,,,,,,Any,Any,Arvis,,
Follow-Up Ring,"At start of combat, if unit's HP ≥ 50%, unit makes a guaranteed follow-up attack.",B,1,ardenFollowUp,0,,,,,,,,,Any,Any,Arden,,
Hone Atk 1,"At start of turn, grants Atk+2 to adjacent allies for 1 turn.",C,1,honeAtk,2,,,,,,,,,Any,Any,,,
Hone Atk 2,"At start of turn, grants Atk+3 to adjacent allies for 1 turn.",C,2,honeAtk,3,,,,,,,,,Any,Any,,,
Hone Atk 3,"At start of turn, grants Atk+4 to adjacent allies for 1 turn.",C,3,honeAtk,4,,,,,,,,,Any,Any,,,
Hone Spd 1,"At start of turn, grants Spd+2 to adjacent allies for 1 turn.",C,1,honeSpd,2,,,,,,,,,Any,Any,,,
Hone Spd 2,"At start of turn, grants Spd+3 to adjacent allies for 1 turn.",C,2,honeSpd,3,,,,,,,,,Any,Any,,,
Hone Spd 3,"At start of turn, grants Spd+4 to adjacent allies for 1 turn.",C,3,honeSpd,4,,,,,,,,,Any,Any,,,
Fortify Def 1,"At start of turn, grants Def+2 to adjacent allies for 1 turn.",C,1,fortifyDef,2,,,,,,,,,Any,Any,,,
Fortify Def 2,"At start of turn, grants Def+3 to adjacent allies for 1 turn.",C,2,fortifyDef,3,,,,,,,,,Any,Any,,,
Fortify Def 3,"At start of turn, grants Def+4 to adjacent allies for 1 turn.",C,3,fortifyDef,4,,,,,,,,,Any,Any,,,
Fortify Res 1,"At start of turn, grants Res+2 to adjacent allies for 1 turn.",C,1,fortifyRes,2,,,,,,,,,Any,Any,,,
Fortify Res 2,"At start of turn, grants Res+3 to adjacent allies for 1 turn.",C,2,fortifyRes,3,,,,,,,,,Any,Any,,,
Fortify Res 3,"At start of turn, grants Res+4 to adjacent allies for 1 turn.",C,3,fortifyRes,4,,,,,,,,,Any,Any,,,
Hone Cavalry,"At start of turn, grants Atk/Spd+6 to adjacent cavalry allies for 1 turn.",C,3,honecav,6,,,,,,,,,Inf-Fly-Armor,Any,,,
Fortify Cavalry,"At start of turn, grants Def/Res+6 to adjacent cavalry allies for 1 turn.",C,3,forticav,6,,,,,,,,,Inf-Fly-Armor,Any,,,
Hone Fliers,"At start of turn, grants Atk/Spd+6 to adjacent flying allies for 1 turn.",C,3,honefly,6,,,,,,,,,Inf-Cav-Armor,Any,,,
Fortify Fliers,"At start of turn, grants Def/Res+6 to adjacent flying allies for 1 turn.",C,3,fortifly,6,,,,,,,,,Inf-Cav-Armor,Any,,,
Hone Armor,"At start of turn, grants Atk/Spd+6 to adjacent armored allies for 1 turn.",C,3,honearmor,6,,,,,,,,,Inf-Cav-Fly,Any,,,
Fortify Armor,"At start of turn, grants Def/Res+6 to adjacent armored allies for 1 turn.",C,3,fortiarmor,6,,,,,,,,,Inf-Cav-Fly,Any,,,
Fortify Dragons,"At start of turn, grants Def/Res+6 to adjacent dragon allies for 1 turn.",C,3,fortidragon,6,,,,,,,,,Any,NotDragon,,,
Spur Atk 1,Grants Atk+2 to adjacent allies during combat.,C,1,spurAtk,2,,,,,,,,,Any,Any,,,
Spur Atk 2,Grants Atk+3 to adjacent allies during combat.,C,2,spurAtk,3,,,,,,,,,Any,Any,,,
Spur Atk 3,Grants Atk+4 to adjacent allies during combat.,C,3,spurAtk,4,,,,,,,,,Any,Any,,,
Spur Spd 1,Grants Spd+2 to adjacent allies during combat.,C,1,spurspd,2,,,,,,,,,Any,Any,,,
Spur Spd 2,Grants Spd+3 to adjacent allies during combat.,C,2,spurspd,3,,,,,,,,,Any,Any,,,
Spur Spd 3,Grants Spd+4 to adjacent allies during combat.,C,3,spurspd,4,,,,,,,,,Any,Any,,,
Spur Def 1,Grants Def+2 to adjacent allies during combat.,C,1,spurDef,2,,,,,,,,,Any,Any,,,
Spur Def 2,Grants Def+3 to adjacent allies during combat.,C,2,spurDef,3,,,,,,,,,Any,Any,,,
Spur Def 3,Grants Def+4 to adjacent allies during combat.,C,3,spurDef,4,,,,,,,,,Any,Any,,,
Spur Res 1,Grants Res+2 to adjacent allies during combat.,C,1,spurRes,2,,,,,,,,,Any,Any,,,
Spur Res 2,Grants Res+3 to adjacent allies during combat.,C,2,spurRes,3,,,,,,,,,Any,Any,,,
Spur Res 3,Grants Res+4 to adjacent allies during combat.,C,3,spurRes,4,,,,,,,,,Any,Any,,,
Spur Spd/Def 1,Grants Spd/Def+2 to adjacent allies during combat.,C,2,spurspd,2,spurDef,2,,,,,,,Any,Any,,,
Spur Spd/Def 2,Grants Spd/Def+3 to adjacent allies during combat.,C,3,spurspd,3,spurDef,3,,,,,,,Any,Any,,,
Spur Def/Res 1,Grants Def/Res+2 to adjacent allies during combat.,C,2,spurDef,2,spurRes,2,,,,,,,Any,Any,,,
Spur Def/Res 2,Grants Def/Res+3 to adjacent allies during combat.,C,3,spurDef,3,spurRes,3,,,,,,,Any,Any,,,
Drive Atk 1,Grants Atk+2 to allies within 2 spaces during combat.,C,2,driveAtk,2,,,,,,,,,Any,Any,,,
Drive Atk 2,Grants Atk+3 to allies within 2 spaces during combat.,C,3,driveAtk,3,,,,,,,,,Any,Any,,,
Drive Spd 1,Grants Spd+2 to allies within 2 spaces during combat.,C,2,driveSpd,2,,,,,,,,,Any,Any,,,
Drive Spd 2,Grants Spd+3 to allies within 2 spaces during combat.,C,3,driveSpd,3,,,,,,,,,Any,Any,,,
Drive Def 1,Grants Def+2 to allies within 2 spaces during combat.,C,2,driveDef,2,,,,,,,,,Any,Any,,,
Drive Def 2,Grants Def+3 to allies within 2 spaces during combat.,C,3,driveDef,3,,,,,,,,,Any,Any,,,
Drive Res 1,Grants Res+2 to allies within 2 spaces during combat.,C,2,driveRes,2,,,,,,,,,Any,Any,,,
Drive Res 2,Grants Res+3 to allies within 2 spaces during combat.,C,3,driveRes,3,,,,,,,,,Any,Any,,,
Goad Cavalry,Grants Atk/Spd+4 to cavalry allies within 2 spaces during combat.,C,3,goadCav,4,,,,,,,,,Inf-Fly-Armor,Any,,,
Ward Cavalry,Grants Def/Res+4 to cavalry allies within 2 spaces during combat.,C,3,wardCav,4,,,,,,,,,Inf-Fly-Armor,Any,,,
Goad Fliers,Grants Atk/Spd+4 to flying allies within 2 spaces during combat.,C,3,goadFly,4,,,,,,,,,Inf-Cav-Armor,Any,,,
Ward Fliers,Grants Def/Res+4 to flying allies within 2 spaces during combat.,C,3,wardFly,4,,,,,,,,,Inf-Cav-Armor,Any,,,
Goad Armor,Grants Atk/Spd+4 to armored allies within 2 spaces during combat.,C,3,goadArmor,4,,,,,,,,,Inf-Cav-Fly,Any,,,
Ward Armor,Grants Def/Res+4 to armored allies within 2 spaces during combat.,C,3,wardArmor,4,,,,,,,,,Inf-Cav-Fly,Any,,,
Threaten Atk 1,"At start of turn, inflicts Atk-3 on foes within 2 spaces through their next actions.",C,1,threatenAtk,3,,,,,,,,,Any,Any,,,
Threaten Atk 2,"At start of turn, inflicts Atk-4 on foes within 2 spaces through their next actions.",C,2,threatenAtk,4,,,,,,,,,Any,Any,,,
Threaten Atk 3,"At start of turn, inflicts Atk-5 on foes within 2 spaces through their next actions.",C,3,threatenAtk,5,,,,,,,,,Any,Any,,,
Threaten Spd 1,"At start of turn, inflicts Spd-3 on foes within 2 spaces through their next actions.",C,1,threatenSpd,3,,,,,,,,,Any,Any,,,
Threaten Spd 2,"At start of turn, inflicts Spd-4 on foes within 2 spaces through their next actions.",C,2,threatenSpd,4,,,,,,,,,Any,Any,,,
Threaten Spd 3,"At start of turn, inflicts Spd-5 on foes within 2 spaces through their next actions.",C,3,threatenSpd,5,,,,,,,,,Any,Any,,,
Threaten Def 1,"At start of turn, inflicts Def-3 on foes within 2 spaces through their next actions.",C,1,threatenDef,3,,,,,,,,,Any,Any,,,
Threaten Def 2,"At start of turn, inflicts Def-4 on foes within 2 spaces through their next actions.",C,2,threatenDef,4,,,,,,,,,Any,Any,,,
Threaten Def 3,"At start of turn, inflicts Def-5 on foes within 2 spaces through their next actions.",C,3,threatenDef,5,,,,,,,,,Any,Any,,,
Threaten Res 1,"At start of turn, inflicts Res-3 on foes within 2 spaces through their next actions.",C,1,threatenRes,3,,,,,,,,,Any,Any,,,
Threaten Res 2,"At start of turn, inflicts Res-4 on foes within 2 spaces through their next actions.",C,2,threatenRes,4,,,,,,,,,Any,Any,,,
Threaten Res 3,"At start of turn, inflicts Res-5 on foes within 2 spaces through their next actions.",C,3,threatenRes,5,,,,,,,,,Any,Any,,,
Savage Blow 1,"If unit initiates combat, deals 3 damage to foes within 2 spaces of target after combat.",C,1,savageBlow,3,,,,,,,,,Any,Any,,,
Savage Blow 2,"If unit initiates combat, deals 5 damage to foes within 2 spaces of target after combat.",C,2,savageBlow,5,,,,,,,,,Any,Any,,,
Savage Blow 3,"If unit initiates combat, deals 7 damage to foes within 2 spaces of target after combat.",C,3,savageBlow,7,,,,,,,,,Any,Any,,,
Breath of Life 1,"If unit initiates combat, restores 3 HP to adjacent allies after combat.",C,1,breath_of_life,3,,,,,,,,,Any,Any,,,
Breath of Life 2,"If unit initiates combat, restores 5 HP to adjacent allies after combat.",C,2,breath_of_life,5,,,,,,,,,Any,Any,,,
Breath of Life 3,"If unit initiates combat, restores 7 HP to adjacent allies after combat.",C,3,breath_of_life,7,,,,,,,,,Any,Any,,,
Atk Smoke 1,Inflicts Atk-3 on foes within 2 spaces of target through their next actions after combat.,C,1,atkSmoke,3,,,,,,,,,Any,Staff,,,
Atk Smoke 2,Inflicts Atk-5 on foes within 2 spaces of target through their next actions after combat.,C,2,atkSmoke,5,,,,,,,,,Any,Staff,,,
Atk Smoke 3,Inflicts Atk-7 on foes within 2 spaces of target through their next actions after combat.,C,3,atkSmoke,7,,,,,,,,,Any,Staff,,,
Spd Smoke 1,Inflicts Spd-3 on foes within 2 spaces of target through their next actions after combat.,C,1,spdSmoke,3,,,,,,,,,Any,Staff,,,
Spd Smoke 2,Inflicts Spd-5 on foes within 2 spaces of target through their next actions after combat.,C,2,spdSmoke,5,,,,,,,,,Any,Staff,,,
Spd Smoke 3,Inflicts Spd-7 on foes within 2 spaces of target through their next actions after combat.,C,3,spdSmoke,7,,,,,,,,,Any,Staff,,,
Atk Ploy 1,"At start of turn, inflicts Atk-3 on foes in cardinal directions with Res < unit's Res through their next actions.",C,1,atkPloy,3,,,,,,,,,Any,Any,,,
Atk Ploy 2,"At start of turn, inflicts Atk-4 on foes in cardinal directions with Res < unit's Res through their next actions.",C,2,atkPloy,4,,,,,,,,,Any,Any,,,
Atk Ploy 3,"At start of turn, inflicts Atk-5 on foes in cardinal directions with Res < unit's Res through their next actions.",C,3,atkPloy,5,,,,,,,,,Any,Any,,,
Spd Ploy 1,"At start of turn, inflicts Spd-3 on foes in cardinal directions with Res < unit's Res through their next actions.",C,1,spdPloy,3,,,,,,,,,Any,Any,,,
Spd Ploy 2,"At start of turn, inflicts Spd-4 on foes in cardinal directions with Res < unit's Res through their next actions.",C,2,spdPloy,4,,,,,,,,,Any,Any,,,
Spd Ploy 3,"At start of turn, inflicts Spd-5 on foes in cardinal directions with Res < unit's Res through their next actions.",C,3,spdPloy,5,,,,,,,,,Any,Any,,,
Def Ploy 1,"At start of turn, inflicts Def-3 on foes in cardinal directions with Res < unit's Res through their next actions.",C,1,defPloy,3,,,,,,,,,Any,Any,,,
Def Ploy 2,"At start of turn, inflicts Def-4 on foes in cardinal directions with Res < unit's Res through their next actions.",C,2,defPloy,4,,,,,,,,,Any,Any,,,
Def Ploy 3,"At start of turn, inflicts Def-5 on foes in cardinal directions with Res < unit's Res through their next actions.",C,3,defPloy,5,,,,,,,,,Any,Any,,,
Res Ploy 1,"At start of turn, inflicts Res-3 on foes in cardinal directions with Res < unit's Res through their next actions.",C,1,resPloy,3,,,,,,,,,Any,Any,,,
Res Ploy 2,"At start of turn, inflicts Res-4 on foes in cardinal directions with Res < unit's Res through their next actions.",C,2,resPloy,4,,,,,,,,,Any,Any,,,
Res Ploy 3,"At start of turn, inflicts Res-5 on foes in cardinal directions with Res < unit's Res through their next actions.",C,3,resPloy,5,,,,,,,,,Any,Any,,,
Panic Ploy 1,"At start of turn, converts bonuses on foes in cardinal directions with HP ≤ unit's HP-5 into penalties through their next actions.",C,1,panicPloy,1,,,,,,,,,Any,Any,,,
Panic Ploy 2,"At start of turn, converts bonuses on foes in cardinal directions with HP ≤ unit's HP-3 into penalties through their next actions.",C,2,panicPloy,2,,,,,,,,,Any,Any,,,
Panic Ploy 3,"At start of turn, converts bonuses on foes in cardinal directions with HP < unit's HP into penalties through their next actions.",C,3,panicPloy,3,,,,,,,,,Any,Any,,,
Infantry Pulse 1,"At the start of turn 1, grants Special cooldown count-1 to all infantry allies on team with HP ≤ unit’s HP-5.",C,1,infantryPulse,1,,,,,,,,,Fly-Cav-Armor,Any,,,
Infantry Pulse 2,"At the start of turn 1, grants Special cooldown count-1 to all infantry allies on team with HP ≤ unit’s HP-3.",C,2,infantryPulse,2,,,,,,,,,Fly-Cav-Armor,Any,,,
Infantry Pulse 3,"At the start of turn 1, grants Special cooldown count-1 to all infantry allies on team with HP < unit’s HP.",C,3,infantryPulse,3,,,,,,,,,Fly-Cav-Armor,Any,,,
Armor March 1,"At start of turn, if unit's HP = 100% and unit is adjacent to an armored ally, unit and adjacent armored allies can move 1 extra space. (That turn only. Does not stack.)",C,1,armorMarch,1,,,,,,,,,Fly-Inf-Cav,Any,,,
Armor March 2,"At start of turn, if unit's HP ≥ 50% and unit is adjacent to an armored ally, unit and adjacent armored allies can move 1 extra space. (That turn only. Does not stack.)",C,2,armorMarch,2,,,,,,,,,Fly-Inf-Cav,Any,,,
Armor March 3,"At start of turn, if unit is adjacent to an armored ally, unit and adjacent armored allies can move 1 extra space. (That turn only. Does not stack.)",C,3,armorMarch,3,,,,,,,,,Fly-Inf-Cav,Any,,,
Guidance 1,"If unit's HP = 100%, infantry and armored allies within 2 spaces can move to a space adjacent to unit.",C,1,guidance,1,,,,,,,,,Inf-Cav-Armor,Any,,,
Guidance 2,"If unit's HP ≥ 50%, infantry and armored allies within 2 spaces can move to a space adjacent to unit.",C,2,guidance,2,,,,,,,,,Inf-Cav-Armor,Any,,,
Guidance 3,Infantry and armored allies within 2 spaces can move to a space adjacent to unit.,C,3,guidance,3,,,,,,,,,Inf-Cav-Armor,Any,,,
Sword Exp. 1,"While unit lives and uses a sword, unit gets 1.5x EXP. (Only highest value applied. Does not stack. This skill has no effect in this application.)",C,1,,,,,,,,,,,Any,NotSword,,,
Sword Exp. 2,"While unit lives, all sword allies on team get 1.5x EXP. (Only highest value applied. Does not stack. This skill has no effect in this application.)",C,2,,,,,,,,,,,Any,NotSword,,,
Sword Exp. 3,"While unit lives, all sword allies on team get 2x EXP. (Only highest value applied. Does not stack. This skill has no effect in this application.)",C,3,,,,,,,,,,,Any,NotSword,,,
B Tome Exp. 1,"While unit lives and uses a blue tome, unit gets 1.5x EXP. (Only highest value applied. Does not stack. This skill has no effect in this application.)",C,1,,,,,,,,,,,Any,NotBTome,,,
B Tome Exp. 2,"While unit lives, all blue tome allies on team get 1.5x EXP. (Only highest value applied. Does not stack. This skill has no effect in this application.)",C,2,,,,,,,,,,,Any,NotBTome,,,
B Tome Exp. 3,"While unit lives, all blue tome allies on team get 2x EXP. (Only highest value applied. Does not stack. This skill has no effect in this application.)",C,3,,,,,,,,,,,Any,NotBTome,,,
Sword Valor 1,"While unit lives and uses a sword, unit gets 1.5x SP. (Only highest value applied. Does not stack. This skill has no effect in this application.)",C,1,,,,,,,,,,,Any,NotSword,,,
Sword Valor 2,"While unit lives, all sword allies on team get 1.5x SP. (Only highest value applied. Does not stack. This skill has no effect in this application.)",C,2,,,,,,,,,,,Any,NotSword,,,
Sword Valor 3,"While unit lives, all sword allies on team get 2x SP. (Only highest value applied. Does not stack. This skill has no effect in this application.)",C,3,,,,,,,,,,,Any,NotSword,,,
Lance Valor 1,"While unit lives and uses a lance, unit gets 1.5x SP. (Only highest value applied. Does not stack. This skill has no effect in this application.)",C,1,,,,,,,,,,,Any,NotLance,,,
Lance Valor 2,"While unit lives, all lance allies on team get 1.5x SP. (Only highest value applied. Does not stack. This skill has no effect in this application.)",C,2,,,,,,,,,,,Any,NotLance,,,
Lance Valor 3,"While unit lives, all lance allies on team get 2x SP. (Only highest value applied. Does not stack. This skill has no effect in this application.)",C,3,,,,,,,,,,,Any,NotLance,,,
Axe Valor 1,"While unit lives and uses an axe, unit gets 1.5x SP. (Only highest value applied. Does not stack. This skill has no effect in this application.)",C,1,,,,,,,,,,,Any,NotAxe,,,
Axe Valor 2,"While unit lives, all axe allies on team get 1.5x SP. (Only highest value applied. Does not stack. This skill has no effect in this application.)",C,2,,,,,,,,,,,Any,NotAxe,,,
Axe Valor 3,"While unit lives, all axe allies on team get 2x SP. (Only highest value applied. Does not stack. This skill has no effect in this application.)",C,3,,,,,,,,,,,Any,NotAxe,,,
B Tome Valor 1,"While unit lives and uses a blue tome, unit gets 1.5x SP. (Only highest value applied. Does not stack.)",C,1,,,,,,,,,,,Any,NotBTome,,,
B Tome Valor 2,"While unit lives, all blue tome allies on team get 1.5x SP. (Only highest value applied. Does not stack.)",C,2,,,,,,,,,,,Any,NotBTome,,,
B Tome Valor 3,"While unit lives, all blue tome allies on team get 2x SP. (Only highest value applied. Does not stack.)",C,3,,,,,,,,,,,Any,NotBTome,,,
G Tome Valor 1,"While unit lives and uses a green tome, unit gets 1.5x SP. (Only highest value applied. Does not stack. This skill has no effect in this application.)",C,1,,,,,,,,,,,Any,NotGTome,,,
G Tome Valor 2,"While unit lives, all green tome allies on team get 1.5x SP. (Only highest value applied. Does not stack. This skill has no effect in this application.)",C,2,,,,,,,,,,,Any,NotGTome,,,
G Tome Valor 3,"While unit lives, all green tome allies on team get 2x SP. (Only highest value applied. Does not stack. This skill has no effect in this application.)",C,3,,,,,,,,,,,Any,NotGTome,,,
Dagger Valor 1,"While unit lives and uses a dagger, unit gets 1.5x SP. (Only highest value applied. Does not stack.)",C,1,,,,,,,,,,,Any,NotDagger,,,
Dagger Valor 2,"While unit lives, all dagger allies on team get 1.5x SP. (Only highest value applied. Does not stack.)",C,2,,,,,,,,,,,Any,NotDagger,,,
Dagger Valor 3,"While unit lives, all dagger allies on team get 2x SP. (Only highest value applied. Does not stack.)",C,3,,,,,,,,,,,Any,NotDagger,,,
